,iteration,iou,pixelwise accuracy,L2 norm,Linf norm,selected distance
0,0.0,0.0,0.9196262359619141,1.0020617246627808,0.0475614070892334,0.0
