,iteration,iou,pixelwise accuracy,L2 norm,Linf norm,selected distance
0,0.0,0.0,0.9197654724121094,1.8948725461959839,0.0951228141784668,0.0
1,25.0,0.46939807789580174,0.9258675575256348,8.197982788085938,0.24323344230651855,1465.2822265625
2,50.0,0.6726505459173421,0.9301939010620117,10.07206916809082,0.27084434032440186,1826.3828125
3,75.0,0.7298426584840374,0.9327893257141113,11.348682403564453,0.3090442419052124,2068.34228515625
4,100.0,0.7884316507872153,0.9330544471740723,12.333855628967285,0.35214436054229736,2253.62744140625
5,125.0,0.7971516038865966,0.9333429336547852,13.157217025756836,0.4218320846557617,2406.48779296875
6,150.0,0.8037886340977068,0.9335837364196777,13.884940147399902,0.47516298294067383,2541.61328125
7,175.0,0.7917149105879326,0.9343461990356445,14.542093276977539,0.5080417394638062,2662.768798828125
8,199.0,0.790912591451675,0.9341702461242676,15.11191177368164,0.5270318984985352,2765.7314453125
