,iteration,iou,pixelwise accuracy,L2 norm,Linf norm,selected distance
0,0.0,0.0,0.9195704460144043,0.3402663469314575,0.08229601383209229,0.0
1,25.0,0.0,0.9195990562438965,1.9434586763381958,0.46953094005584717,28.320531845092773
2,50.0,0.0,0.9196047782897949,2.590730667114258,0.655364990234375,38.92825698852539
3,75.0,0.0,0.9196157455444336,3.249269485473633,0.8565921783447266,49.46160888671875
4,100.0,0.0,0.9196338653564453,3.8227334022521973,1.000464916229248,57.97736358642578
5,125.0,0.0,0.9196352958679199,4.350553512573242,1.1246535778045654,65.71477508544922
6,150.0,0.0,0.9196367263793945,4.823519229888916,1.2150294780731201,72.36933898925781
7,175.0,0.0,0.9196267127990723,5.245364189147949,1.2979185581207275,78.32350158691406
8,200.0,0.0,0.9196295738220215,5.6186604499816895,1.3641183376312256,83.3768310546875
