,iteration,iou,pixelwise accuracy,L2 norm,Linf norm,selected distance
0,0.0,0.0,0.9195284843444824,1.7324047088623047,0.0951228141784668,0.0
1,25.0,0.590565222090133,0.9251933097839355,8.23852825164795,0.2906554937362671,1483.7579345703125
2,50.0,0.7343733361729315,0.9308600425720215,10.27265739440918,0.3311358690261841,1868.293212890625
3,75.0,0.759357157961514,0.9339556694030762,11.515535354614258,0.35824549198150635,2099.247802734375
4,100.0,0.7743565450813201,0.9361639022827148,12.411421775817871,0.37774598598480225,2264.52587890625
5,125.0,0.7763890347652558,0.9369029998779297,13.134517669677734,0.38604629039764404,2395.15625
6,150.0,0.7799810645907848,0.9381060600280762,13.746796607971191,0.3968442678451538,2505.60595703125
7,175.0,0.7809984744068599,0.938385009765625,14.278618812561035,0.4096626043319702,2602.74267578125
8,199.0,0.7852267954640907,0.9386477470397949,14.73343276977539,0.42600440979003906,2686.828125
