,iteration,iou,pixelwise accuracy,L2 norm,Linf norm,selected distance
0,0.0,0.0,0.9192986488342285,7.4772162437438965,0.3804912567138672,0.0
1,4.0,0.14429648418234342,0.9198012351989746,13.377461433410645,0.5711568593978882,2094.418212890625
